First Name,Last NameStreet Number,Country
RICHARD,LastNameD
DAVID,LastNameF
WILLIAM,LastNameE
WILLIAM,LastNameC
CHARLES,LastNameE
ROBERT,LastNameE
DAVID,LastNameD
WILLIAM,LastNameF
RICHARD,LastNameC
MICHAEL,LastNameD
CHARLES,LastNameE
JOHN,LastNameC
WILLIAM,LastNameD
MICHAEL,LastNameB
JOHN,LastNameD
RICHARD,LastNameB
JOHN,LastNameB
JOSEPH,LastNameE
RICHARD,LastNameC
WILLIAM,LastNameD
First Name,Last NameStreet Number,Country
CHARLES,LastNameB
RICHARD,LastNameC
JOSEPH,LastNameD
MICHAEL,LastNameE
MICHAEL,LastNameC
ROBERT,LastNameC
RICHARD,LastNameD
WILLIAM,LastNameB
CHARLES,LastNameB
ROBERT,LastNameC
MICHAEL,LastNameE
JOSEPH,LastNameD
DAVID,LastNameD
JOHN,LastNameB
MICHAEL,LastNameE
JOHN,LastNameE
ROBERT,LastNameB
RICHARD,LastNameC
DAVID,LastNameD
WILLIAM,LastNameD
